,the,new,products,and,services,contributed,to,increase,revenue,.
the new,0.01361573373676248,0.01361573373676248,0.02042360060514372,0.01361573373676248,0.01361573373676248,0.01361573373676248,0.01361573373676248,0.01361573373676248,0.01361573373676248,0.01361573373676248
new products,0.0003807348181991243,0.0003807348181991243,0.0003807348181991243,0.0003807348181991243,0.0003807348181991243,0.0003807348181991243,0.0003807348181991243,0.0003807348181991243,0.0003807348181991243,0.0003807348181991243
products and,0.001141769743101808,0.001141769743101808,0.001141769743101808,0.001141769743101808,0.0017126546146527116,0.001141769743101808,0.001141769743101808,0.001141769743101808,0.001141769743101808,0.001141769743101808
and services,0.0007613247049866769,0.0007613247049866769,0.0007613247049866769,0.0007613247049866769,0.0007613247049866769,0.0011419870574800152,0.0007613247049866769,0.0007613247049866769,0.0007613247049866769,0.0007613247049866769
services contributed,0.0003807348181991243,0.0003807348181991243,0.0003807348181991243,0.0003807348181991243,0.0003807348181991243,0.0003807348181991243,0.0005711022272986865,0.0003807348181991243,0.0003807348181991243,0.0003807348181991243
contributed to,0.0011419870574800152,0.0007613247049866769,0.0007613247049866769,0.0007613247049866769,0.0007613247049866769,0.0007613247049866769,0.0007613247049866769,0.0011419870574800152,0.0007613247049866769,0.0007613247049866769
to increase,0.0007613247049866769,0.0007613247049866769,0.0007613247049866769,0.0007613247049866769,0.0007613247049866769,0.0007613247049866769,0.0007613247049866769,0.0007613247049866769,0.0011419870574800152,0.0007613247049866769
increase revenue,0.0003807348181991243,0.0003807348181991243,0.0003807348181991243,0.0003807348181991243,0.0003807348181991243,0.0003807348181991243,0.0003807348181991243,0.0003807348181991243,0.0003807348181991243,0.0005711022272986865
revenue .,0.0003807348181991243,0.0003807348181991243,0.0003807348181991243,0.0003807348181991243,0.0003807348181991243,0.0003807348181991243,0.0003807348181991243,0.0003807348181991243,0.0003807348181991243,0.0003807348181991243
