,sales,of,the,company,to,return,normalcy,.
sales of,0.0003807348181991243,0.0003807348181991243,0.0003807348181991243,0.0003807348181991243,0.0003807348181991243,0.0003807348181991243,0.0003807348181991243,0.0003807348181991243
of the,0.0003623844899438304,0.0003623844899438304,0.0003623844899438304,0.0034426526544663887,0.0003623844899438304,0.0003623844899438304,0.0003623844899438304,0.0003623844899438304
the company,0.00037425149700598805,0.00037425149700598805,0.00037425149700598805,0.00037425149700598805,0.000561377245508982,0.00037425149700598805,0.00037425149700598805,0.0018712574850299401
company to,0.00038066235249333843,0.00038066235249333843,0.00038066235249333843,0.00038066235249333843,0.00038066235249333843,0.0005709935287400076,0.00038066235249333843,0.00038066235249333843
to return,0.00038066235249333843,0.00038066235249333843,0.00038066235249333843,0.00038066235249333843,0.0005709935287400076,0.00038066235249333843,0.00038066235249333843,0.00038066235249333843
return to,0.000380517503805175,0.000380517503805175,0.00076103500761035,0.000380517503805175,0.000380517503805175,0.000380517503805175,0.0005707762557077625,0.000380517503805175
to normalcy,0.0003807348181991243,0.0003807348181991243,0.0003807348181991243,0.0003807348181991243,0.0003807348181991243,0.0003807348181991243,0.0003807348181991243,0.0005711022272986865
normalcy .,0.0003807348181991243,0.0003807348181991243,0.0003807348181991243,0.0003807348181991243,0.0003807348181991243,0.0003807348181991243,0.0003807348181991243,0.0003807348181991243
