,the,new,products,and,services,contributed,to,increase,revenue,.
the new,0.04449456785145999,0.0028107749748237515,0.00037821482602118004,0.019281916327290934,0.0005340472452165128,0.00011243099899295006,0.018382468335347336,0.0002248619979859001,0.0002248619979859001,0.028107749748237515
new products,0.04664506846955861,0.0029466246664282126,0.0004125274532999498,0.0007597337633669456,0.0005598586866213605,0.00011786498665712851,0.01927092531844051,0.00023572997331425702,0.00023572997331425702,0.0005698003225252092
products and,0.006905542681299234,0.00033685574055118217,0.0004177692559806697,0.020470693543052813,0.00038058991436726926,0.0001193626445659056,0.0008421393513779553,0.0002387252891318112,0.0002387252891318112,0.0298406611414764
and services,0.0457509927399782,0.0028901448351218067,0.00040462027691705294,0.019826393568935594,0.0005491275186731433,0.00038066235249333843,0.018901547221696617,0.00023121158680974453,0.00023121158680974453,0.00037950576349981527
services contributed,0.04530111269926801,0.0028617253758223627,0.0004006415526151308,0.01963143607814141,0.0005437278214062489,0.0001144690150328945,0.0003807348181991243,0.000228938030065789,0.000228938030065789,0.02861725375822363
contributed to,0.00038066235249333843,0.0028973960991870787,0.00040563545388619106,0.01987613724042336,0.000550505258845545,0.00011589584396748314,0.018948970488683495,0.00038066235249333843,0.00023179168793496628,0.028973960991870787
to increase,0.044486854413719516,0.002810287707752338,0.00039344027908532733,0.01927857367518104,0.0005339546644729442,0.00011241150831009351,0.018379281608700292,0.00022482301662018702,0.00038066235249333843,0.02810287707752338
increase revenue,0.04576313380359259,0.0028909118006059755,0.00040472765208483656,0.01983165495215699,0.0005492732421151353,0.000115636472024239,0.01890656317596308,0.000231272944048478,0.000231272944048478,0.0003807348181991243
revenue .,0.04449243577983973,0.002810640289313944,0.00039348964050395214,0.019280992384693652,0.0005340216549696493,0.00011242561157255775,0.018381587492113192,0.0002248512231451155,0.0002248512231451155,0.028106402893139436
