,the,new,products,and,services,contributed,to,increase,revenue,.
the new,0.00037821482602118004,0.00037821482602118004,0.0005673222390317701,0.00037821482602118004,0.00037821482602118004,0.00037821482602118004,0.00037821482602118004,0.00037821482602118004,0.00037821482602118004,0.00037821482602118004
new products,0.0003807348181991243,0.0003807348181991243,0.0003807348181991243,0.0003807348181991243,0.0003807348181991243,0.0003807348181991243,0.0003807348181991243,0.0003807348181991243,0.0003807348181991243,0.0003807348181991243
products and,0.00038058991436726926,0.00038058991436726926,0.00038058991436726926,0.00038058991436726926,0.000570884871550904,0.00038058991436726926,0.00038058991436726926,0.00038058991436726926,0.00038058991436726926,0.00038058991436726926
and services,0.00038066235249333843,0.00038066235249333843,0.00038066235249333843,0.00038066235249333843,0.00038066235249333843,0.0005709935287400076,0.00038066235249333843,0.00038066235249333843,0.00038066235249333843,0.00038066235249333843
services contributed,0.0003807348181991243,0.0003807348181991243,0.0003807348181991243,0.0003807348181991243,0.0003807348181991243,0.0003807348181991243,0.0005711022272986865,0.0003807348181991243,0.0003807348181991243,0.0003807348181991243
contributed to,0.0005709935287400076,0.00038066235249333843,0.00038066235249333843,0.00038066235249333843,0.00038066235249333843,0.00038066235249333843,0.00038066235249333843,0.0005709935287400076,0.00038066235249333843,0.00038066235249333843
to increase,0.00038066235249333843,0.00038066235249333843,0.00038066235249333843,0.00038066235249333843,0.00038066235249333843,0.00038066235249333843,0.00038066235249333843,0.00038066235249333843,0.0005709935287400076,0.00038066235249333843
increase revenue,0.0003807348181991243,0.0003807348181991243,0.0003807348181991243,0.0003807348181991243,0.0003807348181991243,0.0003807348181991243,0.0003807348181991243,0.0003807348181991243,0.0003807348181991243,0.0005711022272986865
revenue .,0.0003807348181991243,0.0003807348181991243,0.0003807348181991243,0.0003807348181991243,0.0003807348181991243,0.0003807348181991243,0.0003807348181991243,0.0003807348181991243,0.0003807348181991243,0.0003807348181991243
